Name,Year Membership
Abhisit Vejjajiva,2005
Aboubakr Jamai,2005
Achinoam Nini,2005
Aditya Mittal,2005
Aerin Lauder,2005
Afshin Molavi,2005
Ainars Slesers,2005
Alejandro Ramirez,2005
Ali Babacan,2005
Ali Y. Koá,2005
Alja Brglez,2005
Alvaro Rodriguez Arregui,2005
Amy Butte,2005
Andrea Guerra,2005
?ngel Cabrera,2005
Angela Belcher,2005
Anne Richards,2005
Anthony F. Fernandes,2005
Anthony Kennedy Shriver,2005
Arkady Dvorkovich,2005
Arzuhan Yaláindag,2005
Asoka Milinda Moragoda,2005
Assilah Z. Al-Harthy,2005
Austan Goolsbee,2005
Axel Miller,2005
Ayisi Makatiani,2005
Bandar Bin Khalid Al Faisal,2005
Barry Appleton,2005
Bassem I. Awadallah,2005
Beatrice Trussardi,2005
Beatrice Weder di Mauro,2005
Belinda Stronach,2005
Bharrat Jagdeo,2005
Bill Nguyen,2005
Bjorn Lomborg,2005
Bozidar Djelic,2005
Bret Stephens,2005
Brian Kagoro,2005
Carlos Danel,2005
Charlene Begley,2005
Charles C.Y. Zhang,2005
Christian Mumenthaler,2005
Chrystia Freeland,2005
Clayton Cosgrove,2005
Curtis Nelson,2005
Daniela Mercury,2005
David Webb,2005
Dayanidhi Maran,2005
Dikembe Mutombo,2005
Dina Habib Powell,2005
Domenico Scala,2005
Donald A. Mattrick,2005
Ed Mayo,2005
Edward Balls,2005
El°as Antonio Saca,2005
Erik Demaine,2005
Esam Janahi,2005
Ethan Zuckerman,2005
Fang Xinghai,2005
Fareed Zakaria,2005
Fatemeh Haghighat-Joo,2005
Federico Sturzenegger,2005
Ferit ?ahenk,2005
Frederik of Denmark,2005
Gabriel Chalita,2005
Gaby Lasky,2005
Gavin Newsom,2005
Georges Kern,2005
Godwin N. Obaseki,2005
Gugu Moloi,2005
Guichot,2005
Haakon Magnus of Norway,2005
Heba R. Ezzat,2005
Helen Greiner,2005
Hiroshi Mikitani,2005
Hiroshi Nakada,2005
Howard I. Hoffen,2005
Ibrahim Helal,2005
Isabelle Guichot,2005
Jacek Szwajcowski,2005
Jack Ma,2005
Jackie Y. Ying,2005
Jae-Woong Lee,2005
James Bradfield Moody,2005
James Ding,2005
James Kondo,2005
Jan-Eric Peters,2005
Javier Martinez Staines,2005
Jean-Charles Decaux,2005
Jennifer Corriero,2005
Jerry Yang,2005
Jihyun Julianne Lee,2005
Jillian Buriak,2005
Jodi Kantor,2005
John Battelle,2005
John Bryant,2005
John E. Sununu,2005
John Githongo,2005
John Wood,2005
Jon S. Tetzchner,2005
Jonathan Oppenheimer,2005
Jonathan Soros,2005
Jonathan Zittrain,2005
Josef Penninger,2005
Juan Jose Nieto,2005
Juhan Parts,2005
Julia Ormond,2005
Jungwook Hong,2005
Justin Fox,2005
Justin Trudeau,2005
Jyrki Katainen,2005
Karim T. Kawar,2005
Kazutomo Robert Hori,2005
Keiichiro Asao,2005
Keith Schwab,2005
Ken Wiwa,2005
Kristin Forbes,2005
Kumar Mangalam Birla,2005
Kumi Naidoo,2005
LaMae Allen deJongh,2005
Larry Page,2005
Laurent Guez,2005
Leonid Bershidsky,2005
Lianjie Ma,2005
Lifen Wang,2005
Lily Habash,2005
Linda Rottenberg,2005
Lisa Caputo,2005
Loãc Le Meur,2005
Lorenzo Mendoza,2005
Louise Leakey,2005
Lu Hao,2005
Lucas E. Pescarmona,2005
Luis M. Saguier,2005
Lujaina Mohsin Haider Darwish,2005
Mabel van Oranje,2005
Mahmoud Safwat Mohieldin,2005
Majid Saif Al-Ghurair,2005
Malvinder Mohan Singh,2005
Marc R. Benioff,2005
Marcel S. Reichart,2005
Maria Consuelo Araujo,2005
Maria Corina Machado,2005
Mark P. Mays,2005
Martin South,2005
Matteo Arpe,2005
Matthew Anderson,2005
Matthew Bishop,2005
Mellody Hobson,2005
Michael Kremer,2005
Michael Tarazi,2005
Michelle Guthrie,2005
Miguel R. Forbes,2005
Mi-Hyung Kim,2005
Mikheil Saakashvili,2005
Milen Veltchev,2005
Misa Matsuzaki,2005
Mitsuru Claire Chino,2005
Mohammed K. A. Al Faisal,2005
Motohisa Furukawa,2005
Nafisa Shah,2005
Naguib Kheraj,2005
Nasreen Mustafa Sideek-Barwari,2005
Nathaniel Rothschild,2005
Nazir Razak,2005
Ndidi Okonkwo Nwuneli,2005
Niall Ferguson,2005
Nicky Newton-King,2005
Nicolas Monckeberg,2005
Nigel M.K. Chanakira,2005
Niklas Zennstrîm,2005
Nobuo Domae,2005
Noreena Hertz,2005
Nurul Arifin,2005
Olga K. Dergunova,2005
Oliver Samwer,2005
Olivier Sichel,2005
Pandeli Majko,2005
Papa Ndiaye,2005
Patrick G. Ryan,2005
Paul Meyer,2005
Pawel Bartlomiej Piskorski,2005
Pekka Himanen,2005
Penny Low,2005
Piia-Noora Kauppi,2005
Radmila Sekerinska,2005
Rahul Gandhi,2005
Rajiv Bajaj,2005
Rodrigo Baggio,2005
Roy Brandon Burgess,2005
Sabriye Tenberken,2005
Sahar Hashemi,2005
Salaheddin Al-Bashir,2005
Sallie Krawcheck,2005
Samantha Power,2005
Sandile Zungu,2005
Scott Brison,2005
Sebastian Palla,2005
Sergey Brin,2005
Shai Agassi,2005
Silvana Koch-Mehrin,2005
Stelios Haji-Ioannou,2005
Steve Jurvetson,2005
Steven Cain,2005
Steven Levitt,2005
Stig Leschly,2005
Sulajja F. Firodia Motwani,2005
Suzanne Donohoe,2005
Sylvia Mathews,2005
Taddy Blecher,2005
Taek-Jin Kim,2005
Tan Cheng Han,2005
Ted Halstead,2005
Thoko Didiza,2005
Thomas Crampton,2005
Thor Bjorgolfsson,2005
Tianqiao Chen,2005
Tony O?Reilly Jr.,2005
Trevor Neilson,2005
Uday Harsh Khemka,2005
Valdis Dombrovskis,2005
Van Jones,2005
Victor Li Tzar-kuoi,2005
Victoria of Sweden,2005
Violet E. Awotwi,2005
Vladimir Ryzhkov,2005
Wang Sing,2005
Waris Dirie,2005
Willem-Alexander of the Netherlands,2005
William F. Browder,2005
William Steiger,2005
Won Hee-Ryong,2005
Yoon Suk-Mynn,2005
Yvette Cooper,2005
Zafar Sobhan,2005
Zain Verjee,2005
Zeid Raad Al-Hussein,2005
Zhang Xin,2005
Zhenmin Wang,2005
Adam C. Bird,2006
Alec Oxenford,2006
Alejandro Gustavo Elsztain,2006
Alejandro Santo Domingo,2006
Alexandra Prieto-Romualdez,2006
Alice Jacobs,2006
Andrey Zarur,2006
Anestis Matthew,2006
Antonio Bonchristiano,2006
Arkadiusz Nowak,2006
Armen Darbinyan,2006
Aun Porn Moniroth,2006
Awais Ahmad Khan Leghari,2006
Ayanna Howard,2006
Bernd Montag,2006
Bo Peabody,2006
Bo Shao,2006
Brian Behlendorf,2006
Brian Molefe,2006
Caroline Casey,2006
Chanthol Oung,2006
Charmian Gooch,2006
Cherie Nursalim,2006
Choak Bulakul,2006
Chris Tucker,2006
Christophe Beck,2006
Christopher Alexander,2006
Chua Chim Kang,2006
Collen Gwiyo,2006
Corinna E. Lathan,2006
Cyrille Nkontchou,2006
Daron Acemoglu,2006
David Blumer,2006
Debo Adesina,2006
Devin Wenig,2006
Ekta Kapoor,2006
Ellen MacArthur,2006
Elvis Gbanabom Hallowell,2006
Emile Cubeisy,2006
Erik Charas,2006
Ernest Darkoh,2006
Escobar Paula,2006
Esther Duflo,2006
Eugenio Burzaco,2006
Euisun Chung,2006
Fa He,2006
Faustina Pereira,2006
Ferreiro Alejandro,2006
Gadi Taub,2006
Gang Pan,2006
Gerard Ian,2006
Hafsat Abiola,2006
Hakam Kanafani,2006
Hanadi N. Al Thani,2006
Hania Bitar,2006
Hanson Cheah,2006
HÇläne Grimaud,2006
Hilary Cottam,2006
Huateng Ma,2006
Hubert Pesquidoux,2006
Igor Shevchenko,2006
Imara Jones,2006
Irshad Manji,2006
Ivan Krastev,2006
J. Joseph Kim,2006
Jacek Olechowski,2006
James Allard,2006
Janet Mountain,2006
Joe Hockey,2006
Johann Olav Koss,2006
John Hamlin,2006
John Nevado,2006
John Osborn,2006
Jonathan Schwartz,2006
Joo Young Kim,2006
Jorge R. Blanco,2006
JosÇ Pereira de Oliveira Junior,2006
Joseph Akinkugbe Adelegan,2006
Joshua Cooper Ramo,2006
Juan Carlos C. Eichholz,2006
Justin Forsyth,2006
Justin Leong,2006
Kamal A. S. Bahamdan,2006
Katherine Garrett-Cox,2006
Kensuke Onishi,2006
Kevin J. Martin,2006
Khairy Jamaluddin,2006
Kurt Koenigsfest Sanabria,2006
Kwame Kilpatrick,2006
Lamees Hadidi,2006
Lang Lang,2006
Livia J†r¢ka,2006
Loay Nazer,2006
Luis Guillermo Plata,2006
Mack Gill,2006
Maja Kuzmanovic,2006
Manish Kejriwal,2006
Marcelo Odebrecht,2006
Mark Read,2006
Martin Nowak,2006
Matt Blunt,2006
Mehmet G. DaimagÅler,2006
Michael Hersch,2006
Michael R. Auslin,2006
Michaela Erbenova,2006
Midori Goto,2006
Min Qin,2006
Mineko Kengaku,2006
Ming Xu,2006
Mondli Makhanya,2006
Mpule Kwelagobe,2006
Murat Sarayli,2006
Ndungi Githuku,2006
Nikhil Meswani,2006
Nilda Bullain,2006
Nilmini Rubin,2006
Nimah Ismail Nawwab,2006
Olafur Eliasson,2006
Omar Sulaiman,2006
Osman F. Boyner,2006
Oyun Sanjaasuren,2006
Paola Lanzarini,2006
Paolo Benigno Aquino IV,2006
Patrick Chappatte,2006
Patrick Joseph Kennedy II,2006
Paul Kapelus,2006
Payam Akhavan,2006
Philipp Justus,2006
Prasoon Joshi,2006
Raenette Taljaard,2006
Reem Abdullah,2006
Richard Punt,2006
Robert Waldron,2006
Rouzbeh Pirouz,2006
Ruben K. Vardanian,2006
Ruben Ramirez Lezcano,2006
Saeed Faiza,2006
Saif al Islam al Gaddafi,2006
Samuel Keller,2006
Scott J. Freidheim,2006
Sedat Laáiner,2006
Sejl Kameric,2006
Sergei Guriev,2006
Shadi Sadr,2006
Shahzia Sikande,2006
Shami Chakrabarti,2006
Shamil Idriss,2006
Shezad Rokerya,2006
Simon P†nek,2006
Slimi Rachid Oyun,2006
Sonia H. Hazbleady Rodriguez Mart°nez,2006
Sonu Jain,2006
Tad Smith,2006
Thomas Wu,2006
Tiago Monteiro,2006
Toh† Morales,2006
Treasure Maphanga,2006
Tyler BrñlÇ,2006
Veronica Colondam,2006
Vicente Corta Fernandez,2006
Vishwanathan Anand,2006
William J. Dobson,2006
Yat Siu,2006
Yeon-Hee Kim,2006
Ziad S. Ojakli,2006
Adam Bly,2007
Adena Friedman,2007
Adriana Ospel-Bodmer,2007
Ahmet Olcay Sunucu,2007
Alain Demarolle,2007
Alberto C. Vollmer,2007
Alessandra Galloni,2007
Alex Zubillaga,2007
Alexander Ivlev,2007
Alfredo Romero,2007
?lvaro Vargas Llosa,2007
Amit Burman,2007
Ana Mar°a Plaza,2007
AndrÇs A. van der Horst,2007
Andrew L. Cohen,2007
Andrew R. Sorkin,2007
Andrew Rugasira,2007
Anousheh Ansari,2007
Arthur G. Mutambara,2007
Azmi Mikati,2007
Bethann Brault,2007
Carlos Jereissati Junior,2007
Carolina MÅller-Mîhl,2007
Catalina Cock Duque,2007
Christine Ramon,2007
Christopher SchlÑffer,2007
Christopher Wing To,2007
Conrad van Oostrom,2007
Dan Shin,2007
Daniel Lubetzky,2007
Daniel Sachs,2007
David de Rothschild,2007
David McWilliams,2007
Eduardo Navarro,2007
Ennis Rimawi,2007
Enrique Pe§a Nieto,2007
Erwann Michel-Kerjan,2007
Etsuko May Okajima,2007
Fabrice Seiman,2007
Felix R. Graf,2007
Feng Jun,2007
Fernando Madeira,2007
H. S. Cho,2007
H.R.H. Prince Jaime de Bourbon Parme,2007
H.R.H. Princess Mathilde of Belgium,2007
Hannah Jones,2007
Henrik Naujoks,2007
Hessa Khalifa Al Khalifa,2007
Ian Bremmer,2007
Idalia Cruz,2007
Jamie C. Drummond,2007
Jehane Noujaim,2007
Jimmy Wales,2007
Joaqu°n F. Legu°a Orezzoli,2007
John Partilla,2007
Juan Mario Laserna,2007
Jubril Adewale Tinubu,2007
Julian Rachlin,2007
Jyotiraditya M. Scindia,2007
Kamel A. Husseini,2007
Karim Sadjadpour,2007
Kate Garvey,2007
Kate Roberts,2007
Keisuke Tsumura,2007
Kevin Casas-Zamora,2007
Klaus Rosenfeld,2007
Kohei Nishiyama,2007
Kohei Takashima,2007
Kouta Matsuda,2007
Kumi Fujisawa Tsunoda,2007
Leo M. Tilman,2007
Lera Auerbach,2007
Leslie W. Maasdorp,2007
Li Wenzi,2007
Lila Ibrahim,2007
Madhu Kannan,2007
Maktoum bin Hasher Al Maktoum,2007
Marc Kielburger,2007
Marcelo Claure,2007
Michael Krause,2007
Michael Sherwood,2007
Muna AbuSulayman,2007
Mustafa Abdel-Wadood,2007
Nancy Lublin,2007
Natalie Simons,2007
Naveen Jindal,2007
Neal Goldman,2007
Neeraj Bharadwaj,2007
Nguyen Thanh Hung,2007
Omar Mustapha,2007
Osayi Alile Oruene,2007
Ozwald Boaten,2007
Paolo Ribotta,2007
Patricia Menendez-Cambo,2007
Patterson F. Timba,2007
Peter Bisanz,2007
Peter Thiel,2007
Peter WÅrtenberger,2007
Pham Thi Hue,2007
Phuti Malabie,2007
Rachel Campbell,2007
Rajiv J. Shah,2007
Raju Narisetti,2007
Renato Amorim,2007
Richard Stromback,2007
Robert Wiesenthal,2007
Rolph Antoine Payet,2007
Ronald De Jong,2007
Ryuhei Kawada,2007
Salim Amin,2007
Satish Reddy,2007
Sheikh Mohammed Bin Essa Al Khalifa,2007
Sheryl Sandberg,2007
Siamak Namazi,2007
Siobhan Walsh,2007
Subhash Dhar,2007
Tanya Dubash,2007
Tarun Khanna,2007
Tomasz Lis,2007
Tomomi Nishimoto,2007
Tony Fadell,2007
Wen Yunsong,2007
Zainab Salbi,2007
Aaron McCormac,2008
Aaron Pereira,2008
Aashmi Rajya Lakshmi Rana,2008
?bel Garamhegyi,2008
Achankeng Leke,2008
Adam H. Putnam,2008
Adrian D. Cheok,2008
Ahmad Nader Nadery,2008
Akihiko Hoshide,2008
Alan Hippe,2008
Alejandro Ferrer,2008
Alejandro Werner,2008
Alfonso Marquez de la Plata,2008
Allah Rakha Rahman,2008
Allon Raiz,2008
Anders Borg,2008
Anderson Cooper,2008
AndrÇ Esteves,2008
Andrea Sanke,2008
Andrew Mwenda,2008
Andriy Kolodyuk,2008
Andy Freire,2008
Anoushka Shankar,2008
Anu Tali,2008
Anurag Behar,2008
Apollonia PoilÉne,2008
Artemij Lebedev,2008
Artur Davis,2008
Arturo Condo,2008
Axel Christensen,2008
Ayla Gîksel Gîáer,2008
Bahman Ghobadi,2008
Barkha Dutt,2008
Beckmann Legorreta,2008
Betsy Fischer,2008
Bjîrn Czinczoll,2008
Bobby Jindal,2008
Brendan Hoffman,2008
C. V. Madhukar,2008
Cameron Clyne,2008
Cameron Sinclair,2008
Carlos A§a§os Jeri,2008
Carlos Loret de Mola,2008
Carola Ferstl,2008
Caroline Hoxby,2008
Casey Wasserman,2008
Cayetana Alvarez de Toledo,2008
Chang Dingjie,2008
Charles Butterworth,2008
Charles Chao,2008
Charles Huang Qin,2008
Chen Xiaowei,2008
Christina Hvid,2008
Christophe Villemin,2008
Christopher Cooper Hohn,2008
Cristina Bitar,2008
D. F. Dong,2008
Daniel Rimer,2008
Daniel Shapiro,2008
Dara Khosrowshahi,2008
Darys Estrella,2008
David Frederik von Rosen-von Hoewel,2008
David Jones (WEF),2008
David Martinon,2008
David Munro,2008
David Schmutzler,2008
David Skilling,2008
David Zhang,2008
Deborah Kan,2008
Demetrios Boutris,2008
Dennis Karpes,2008
Diana C. Chen,2008
Ed Miliband,2008
Eira Thomas,2008
Elizabeth Murdoch,2008
Ellana Lee,2008
Elon Musk,2008
Emil Tedeschi,2008
Enric Sala,2008
Eric Anderson,2008
Eriko Yamaguchi,2008
Ewa Sadowska,2008
Ferial Haffajee,2008
Fernando Zavala,2008
Francesco Vezzoli,2008
Francis Joseph Guevara Escudero,2008
Gabriel Naouri,2008
Gazmend Haxhia,2008
Geoff Davis,2008
George Walker,2008
Gong Wen,2008
Gustavo Cardoso,2008
Hamdan Bin Mohammed Bin Rashid Al Maktoum,2008
Henrik Borelius,2008
Hideki Makihara,2008
Hina Rabbani Khar,2008
Hines Ward,2008
Hou Songrong,2008
Hur Saehon,2008
Illac Diaz,2008
Ivo Lukacovic,2008
James Shikwati,2008
Jamie Mitchell,2008
Jared Genser,2008
Jasmin Staiblin,2008
Jeh Wadia,2008
Jennifer Elliseef,2008
Jeremy Philips,2008
Jesus Encinar,2008
Jigme Khesar Namgyal Wangchuck,2008
Jin Kim,2008
Jitesh Gadhia,2008
John Bul Dau,2008
John Mollanger,2008
John R. Baird,2008
Jonathan Korngold,2008
Joseph Kabila,2008
Joseph Sigelman,2008
Juan Carlos Ortiz,2008
Juan Domingo,2008
Ju-ha Kim,2008
Juliana L. Chugg,2008
Kara Walker,2008
Karien van Gennip,2008
Karim Wade,2008
Kate Hampton,2008
Khaldoon Al Mubarak,2008
Kimberly Moore,2008
Kirill Androsov,2008
Kirstine Stewart,2008
Kiyohiko Toyama,2008
Koichi Mizutome,2008
Kola Karim,2008
Kongpan Pramojna Ayudhaya,2008
Kristine Layfield,2008
Kurt Holle,2008
Kuseni Douglas Dlamini,2008
Kyriakos Tsakopoulos,2008
Lalla Salma,2008
Lars Hinrichs,2008
Laura Alfaro,2008
Laura Alfaro Maykal,2008
Laurer Alber,2008
Lei Liang,2008
Leng You-bin,2008
Leonardo DiCaprio,2008
Li Wai-yee,2008
Li Xiangqian,2008
Li Xinhai,2008
Liang Xinjun,2008
Lisa Kropman,2008
Liu Shichun,2008
Liz Lloyd,2008
Lu Weiding,2008
Luca Garavoglia,2008
Luis Camargo,2008
Luo Weibing,2008
Lydia Polgreen,2008
Makarem Batterjee,2008
Marcela Bilek,2008
Mark Leonard,2008
Mark Weldon,2008
Mark Williams,2008
Martin Lousteau,2008
Mattias Klum,2008
Mehdi Amjad,2008
Meher Pudumjee,2008
Melanie Kreis-Wilczak,2008
Merieme Chadid,2008
Mia Hamm,2008
Michael Jordaan,2008
Michael Ma Jun,2008
Michelle A. Peluso,2008
Michelle M. Wu,2008
Mohamed Elkeiy,2008
Mohammed Ali Al Hashimi,2008
Mugo Kibati,2008
Muhammad Lutfi,2008
Munizae Jahangir,2008
Murat ôzyegin,2008
Naomi Kawase,2008
Nasser Al Shaali,2008
Nasser Alshaali,2008
Natalie Du Toit,2008
Neil Ashe,2008
Nicole Nason,2008
Nikolay Pryanishnikov,2008
Norika Fujiwara,2008
Omar Ghanim,2008
Omar K. Alghanim,2008
Parinda Hasdarngkul,2008
Patrick Ramsey,2008
Paul Chan,2008
Paul van Zyl,2008
Peng Xiaofeng,2008
Pia Singh,2008
Pierre Gentin,2008
Pooja Shetty,2008
Rama Yade,2008
Ratul Puri,2008
Ricardo Villela Marino,2008
Risa Wataya,2008
Rob Speyer,2008
Rodney E. Hood,2008
Rodrigo HÅbner Mendes,2008
Rory Stewart,2008
Roy C. Harvey,2008
Rula Jebreal,2008
Sabeer Bhtia,2008
Sachin Pilot,2008
Sandeep Parekh,2008
Sara Hossain,2008
Sarah Chang,2008
Se-hong Hur,2008
Severin Schwan,2008
Shakira Mebarak,2008
Shen Bing,2008
Somaly Mam,2008
Soraya Salti,2008
Soren Eriksen,2008
Steffi Graf,2008
Stephanie Pullings Hart,2008
Su Xianze,2008
Suhas Gopinath,2008
Sunette Pienaar-Steyn,2008
Susan Athey,2008
Taku Otsuka,2008
Tariq Krim,2008
Teruhide Sato,2008
Theodore Ernest Els,2008
Thomas Buberl,2008
Thomas T. Lembong,2008
Tomoaki Nigo Nagao,2008
Trilochan Sastry,2008
Tristan Lecomte,2008
Tumi Makgabo,2008
Umit Kumcuoglu,2008
Vikram K. Akula,2008
Wadah Khanfar,2008
Wang Weixian,2008
Wei Dong,2008
William Foote,2008
Wilmot Allen,2008
Xiangjun Liu,2008
Xin Zhou,2008
Yannick BollorÇ,2008
Yiyun Li,2008
Yolanda Cuba,2008
Yusuke Hatori,2008
Zac Goldsmith,2008
Zhang Donghai,2008
Zhong Biao,2008
Zhou Hongyi,2008
Zhu Jun,2008
A. C. Wahid,2009
Abdulsalam Haykal,2009
Adria Greene,2009
Akinwale Ojomo,2009
Alan Knott-Craig,2009
Aleh Tsyvinski,2009
Alessia Maria Mosca,2009
Alexander Stubb,2009
Alexandros Manos,2009
Amit Wanchoo,2009
Andre Faai,2009
Andrej Nabergoj,2009
Andrew Wales,2009
Anies Baswedan,2009
Anthony Miller,2009
Antonio Simoes,2009
Arif Dowla,2009
Ashok Vemuri,2009
Ba Shusong,2009
Benjamin Gray,2009
Bhavneet Singh,2009
Bjarte Reve,2009
Boria Majumdar,2009
Boris Nikolic,2009
Brent Hoberman,2009
Brent Stirton,2009
Butet Manurung,2009
Caroline Boudreaux,2009
Chad Hurley,2009
Chikara Funabashi,2009
Christian Wenk,2009
Christoph Sutter,2009
Christopher De Souza,2009
Christopher Logan,2009
Dambisa Moyo,2009
Damian Gammell,2009
David Chiu,2009
David Novak,2009
David Thai,2009
Deng Yaping,2009
Dora Li,2009
Eboo Patel,2009
Efrat Peled,2009
Elena Barmakova,2009
Elias Pungong,2009
Emilia Sic†kov†-Beblav†,2009
Eunice Olsen,2009
Faisel Rahman,2009
Fawzia Koofi,2009
Felix Maradiaga,2009
Fidel Jonah,2009
Franáois-Philippe Champagne,2009
FX de Mallmann,2009
Ganhuyag Chuluun Hutag,2009
Geoff Davis,2009
Habib Haddad,2009
Hamish Douglas,2009
Hideyuki Inoue,2009
Immanuel Hermreck,2009
Imtiaz Ali,2009
Ioana Popescu,2009
Jake Leslie Melville,2009
Jake Seid,2009
James Wanjohi,2009
Jason Yat-Sen Li,2009
Javier Garcia-Martin,2009
Javier Santiso,2009
Jens Martin Skibsted,2009
Jeong Jaeseung,2009
Jeremy Hockenstein,2009
Jia Ping,2009
Jimena Bl†zquez Abascal,2009
Jo Cox,2009
John McArthur,2009
Jonathan Harris,2009
Josh Spear,2009
Julie Gichuru,2009
Julien Faye,2009
Kamal Quadir,2009
Karen Bell,2009
Kasim M. Kasuri,2009
Kelly Chen,2009
Khuat Thi Hai Oanh,2009
Kingsley Bangwell,2009
Kirill Dmitriev,2009
Klaus Schweinsberg,2009
Kristin Rechberger,2009
Ksenia Yudaeva,2009
Laila Lalami,2009
Lee Huei-Min,2009
Li Ruigang,2009
Lisa Huddleson,2009
Liu Zhouwei,2009
Luke Dowdney,2009
Malini Mehra,2009
Marco Fiorese,2009
Maria Lisitsyna,2009
Marianne Knut,2009
Marie So,2009
Marisol Argueta de Barillas,2009
Mark Hanis,2009
Mark Zuckerberg,2009
Matias De Tezanos,2009
Michael Cannon-Brookes,2009
Michele Wucker,2009
Mina Al-Oraibi,2009
Mirjam Staub-Bisang,2009
Monica Regazzi,2009
Monisha Shah,2009
Mubarak A. Al Saba,2009
Nami Matsuko,2009
Natalia Alle,2009
Navin Chaddha,2009
Neil Chugani,2009
Nia Dinata,2009
Nik Kafka,2009
Omar Ghobash,2009
Orzala Ashraf Nemat,2009
Parag Khanna,2009
Pascale Bruderer-Wyss,2009
Patrick McWhinney,2009
Paul Bassat,2009
Peggy Liu,2009
Peter B. Kellner,2009
Philipp Freise,2009
Pooja Jain,2009
Premal Shah,2009
Reuben Abraham,2009
Richard Powel,2009
Roberto Bolle,2009
Ronit Avni,2009
Roy Sosa,2009
Salimah Yvette Ebrahim,2009
Salvador Paiz,2009
Samantha Nutt,2009
Samer I. Asfour,2009
Sandro JosÇ De Souza,2009
Sanjeev Khagram,2009
Scott Weber,2009
Selene Biffi,2009
Seraina Maag,2009
Shahzad A. Bhatti,2009
Shalini Mahtani,2009
Shen Wei,2009
Siddhartha Lal,2009
Silverius O. Unggul,2009
StÇphane Bancel,2009
Steven Everts,2009
Suranga Chandratillake,2009
Tan Le,2009
Teresa K. Kennedy,2009
Tewodros Ashenafi,2009
Toru Hashimoto,2009
Verena Knaus,2009
Vinny Lingha,2009
Vuyo Jack,2009
Wen Bo,2009
Werner Wutscher,2009
Yael Maguire,2009
Yair Goldfinger,2009
Yasar Jarrar,2009
Yenny Zannuba,2009
Yuri Soloviev,2009
Zarrar Sehgal,2009
Abebe Gellaw,2010
Agatha Sangma,2010
Alaa Batayneh,2010
Alain de Botton,2010
Alejandro Poma,2010
Alfredo A. Capote,2010
Amir Jahangir,2010
Anand Chandrasekaran,2010
Anna Netrebko,2010
Anthony Stevens,2010
Anu Bradford,2010
Apimongkol Sonakul,2010
Ashok Aram,2010
Ashok Giri Durgesh,2010
Azeem Ibrahim,2010
Benjamin Goldsmith,2010
Benjamin Soemartopo,2010
Calvin Chin,2010
Carlos BarrabÇs,2010
Carme Chac¢n Piqueras,2010
Cenk Aydin,2010
Chen Lu,2010
Christina K. Lopes,2010
Christopher Deri,2010
Crown Princess Mette-Marit of Norway,2010
Daisuke Iwase,2010
Daniel Edwards,2010
Daniel Koh,2010
Dashdorj Zorigt,2010
David Rosenberg,2010
Davide Serra,2010
DÇsirÇe McGraw,2010
Dirk Hoke,2010
Elikem Kuenyehia,2010
Elisabeth Gilbert,2010
Elissa Goldberg,2010
Elspeth Finch,2010
Eric Kacou,2010
Esteban Bullrich,2010
Esteban Piedrahita,2010
Eva Dichand,2010
Evan Williams,2010
Farida Nekzad,2010
Fatmir Besimi,2010
Felicitas von Peter,2010
Felipe Aldunate,2010
Frankin Cudjoe,2010
Gabrielle Giffords,2010
George Hu,2010
Gila Gamliel,2010
Gladys Kalema-Zikusoka,2010
Gregor Hackmack,2010
Gugu Msibi,2010
Hamid Yar,2010
Heather Fleming,2010
Henry Hoang Nguyen,2010
Hicham El Guerrou,2010
Hidetoshi Nakata,2010
Ian Thorpe,2010
Irena Jolic-Simovic,2010
Irene Tinagli,2010
Ismail Douiri,2010
Ivonne Aracelly Ortega Pacheco,2010
Jacob Hsu,2010
Jacob Lief,2010
James Gifford,2010
James Law,2010
Jan Bayer,2010
Jayne Plunkett,2010
Jennifer Woo,2010
Jeong-Do Hong,2010
Jill Otto,2010
Jon Favreau,2010
Jose Ignacio Peralta S†nchez,2010
Josh Viertel,2010
Julia Novy-Hildesley,2010
Julian Castro,2010
Katerina Janku,2010
Kellie Leitch,2010
Kelly Grier,2010
Kevin Lu,2010
Kevin Warsh,2010
Khanyi Dhlomo,2010
Kimmie Weeks,2010
Kristen Karen Davila,2010
Kuk Yi,2010
Lawrence Kego Masha,2010
Leo Schlesinger,2010
Lewis Gordon Pugh,2010
Lisa Heydlauff,2010
Lisa Witter,2010
Liya Kebede,2010
Lorna Solis,2010
Lucian Tarnowski,2010
Lucy Hockings,2010
Luis Miguel Castillo,2010
Luis Von Ahn,2010
Ma Ke,2010
Mandla Mandela,2010
Mandla Sibeko,2010
Manisha Girotra,2010
Marcel Pinas,2010
Marco Magnani,2010
Margo Drakos,2010
Marissa Mayer,2010
Mark Turrell,2010
Marlene Malahoo Forte,2010
Martyn J. Davies,2010
Mathilde Cathiard-Thomas,2010
Michael Drexler,2010
Michelle Rhee,2010
Mikkel Vestergaard Frandsen,2010
Mina Guli,2010
Moritz Lehmkuhl,2010
Muhammad Tabba,2010
Nabil Alyousuf,2010
Nadine Labaki,2010
Najila Al Awadhi,2010
Nandasiri Wanninayaka,2010
Nandita Das,2010
Narendra Murkumbi,2010
Nathalie Kosciusko-Morizet,2010
Nathalie van Ypersele,2010
Nathan Wolfe,2010
Nathaniel Fick,2010
Oliver Niedermaier,2010
Oliver Wyman,2010
Pajhwok Afghan,2010
Pan Jian-Wei,2010
Pawan Patil,2010
Peter Corsell,2010
Peter Lacy,2010
Phaedra Ellis-Lamkins,2010
Philipp Rîsler,2010
Prince Khalid Bin Bandar Bin Sultan,2010
Princess Bajrakitiyabha Mahidol,2010
Raghda El Ebrashi,2010
Rebecca Onie,2010
Reem Al Hashimy,2010
Ricken Patel,2010
Riyad Al Mubarak,2010
Robert Holdway,2010
Robert J. Finlay,2010
Roberto Milk,2010
Rodrigo Brito,2010
Roger Federer,2010
Rossana Figuera,2010
Sam Goldman,2010
Sandeep Naik,2010
Sangeeth Varghese,2010
Sangita Singh,2010
Sanjay Gupta,2010
Sanjeev Sanyal,2010
Sara Lamsam,2010
Scott Spirit,2010
Sebastian Bishop,2010
Serpil Timuray,2010
Shamina Singh,2010
Shauneen Lambe,2010
Simon Power,2010
Somaly Mam,2010
Sonja Sebotsa,2010
Sriram Raghavan,2010
Stanislav Voskresenskiy,2010
Stella McCartney,2010
Stephan Morais,2010
Steven Chen,2010
Suryani Senja,2010
Syed Mustafa Kamal,2010
Tadgh Flood,2010
Taizo Mikazuki,2010
Tal Keinan,2010
Tamara Abed,2010
Tamas Landesz,2010
Tashi Wangmo,2010
Tejpreet Singh,2010
Tina Birbili,2010
Tomas Pojar,2010
Umar Saif,2010
Vincent van Quickenborne,2010
Wang Zichao,2010
Winston Damarillo,2010
Wyclef Jean,2010
Xiang Xi,2010
Xie Youshun,2010
Yan Wangjia,2010
Ye Peng Tan,2010
Zabulon Vilakazi,2010
Zhang Liping,2010
Zhang Xuansong,2010
Zoya Phan,2010
Abdul Wunem Wasif,2011
Abdulla bin Ali Al Thani,2011
Adam Werbach,2011
AimÇ Pela°z Barranco,2011
Alexa von Tobel,2011
Alexandra Cousteau,2011
Alicia Morga,2011
Amy Finkelstein,2011
AndrÇ Loesekrug-Pietri,2011
Andrew Charlton,2011
Andrew Lee,2011
Andrey Elinson,2011
Annabelle Long,2011
Anuradha Achary,2011
April Rinne,2011
Areena Loo,2011
Ashutosh Tiwari,2011
Asli Karahan,2011
Avril Halstead,2011
AygÅl ôzka,2011
Badr Jafar,2011
Basetsana Kumalo,2011
Bethlehem Tilahun,2011
Bethlehem Tilahun Alemu,2011
Bhavin Turakhia,2011
Blake Mycoskie,2011
Brigitte Sitzberger,2011
Carlos Fernandes,2011
Carlos Mota,2011
Caroline Watson,2011
Charles Rutstein,2011
Cheng Ming Yu,2011
Chetan Maini,2011
Chew Seow-Chien,2011
Christa Markwalder,2011
Christian Angermayer,2011
Christian Behrenbruch,2011
Chuka Umunna,2011
Clare Lockhar,2011
Cynthia Wu,2011
Dagmawi Woubshet,2011
Dan Senor,2011
Dana Perino,2011
Daniel Cruise,2011
Dave Eggers,2011
David del Ser,2011
David Hill,2011
David J. McAllister,2011
David Rodin,2011
Dawood Azami,2011
Deepender Singh Hooda,2011
Diana Tsui,2011
Diana Verde Nieto,2011
Dionysia-Theodora Avgerinopoulou,2011
Dylan E. Taylor,2011
E. Benjamin Skinner,2011
Eduardo A. Cru,2011
Egemen Bagis,2011
Elsie S. Kanza,2011
Eric Parrado,2011
Fahd Al Rasheed,2011
Fawad Ahmad,2011
Folashade Laoye,2011
Francesca Colombo,2011
Funmi Iyanda,2011
Gemma Mortensen,2011
Georges Harik,2011
Geraldine Chin Moody,2011
Gina Bianchini,2011
Gita Gopinath,2011
Golnaz Fathi,2011
Grace Chiang,2011
Guillermo Romo,2011
Hala Gorani,2011
Harold E. Ford,2011
Haruo Miyagi,2011
Hrund Gunnsteinsdottir,2011
Jacqueline Musiitwa,2011
Jaime Nack,2011
Jamail Larkins,2011
James R. Lee,2011
Jane McGonigal,2011
Jayme Martin,2011
Jeremy Heimans,2011
Jessica Jackley,2011
Jimmy Pham,2011
Juan Carlos Pinz¢n,2011
Kala Mulqueeny,2011
Kanae Doi,2011
Kang Hyunjung,2011
Katharina Borchert,2011
Katinka Barysch,2011
Katrin Ley,2011
Ken Noguchi,2011
Koichi Yamauchi,2011
Liliana Gil,2011
Lily Lapenna,2011
Liu Yingxia,2011
llen Gonda,2011
Loulwa M. Bakr,2011
Lucas Carn,2011
Lucas Simons,2011
M. Arsjad Rasjid P. Mangkuningrat,2011
Magatte Wade,2011
Mahindra Reva,2011
Manish Khera,2011
Margaret de Heinrich,2011
Maria Eugenia Vidal,2011
Marin Soljacic,2011
Mario Martin Delgado Carrillo,2011
Martin Seidenberg,2011
Masatada Kobayashi,2011
Max Levchin,2011
May Al Dabbagh,2011
Meenakshi Natarajan,2011
Melanie Walker,2011
Milos Ristic,2011
Mir Ibrahim Rahman,2011
Mitchell Pham,2011
Murad Sofizade,2011
Na Sung-Kyun,2011
Naheed Nenshi,2011
Naif Al-Mutawa,2011
Najwa Shihab,2011
Naoko Yamazaki,2011
Ngo Bao Chau,2011
Nick Pisalyaput,2011
Nikki R. Haley,2011
Niko Canner,2011
Ofra Anne Eshed,2011
Olivier Oullier,2011
Omar Hamoui,2011
Ory Okolloh,2011
Ozlem Denizmen,2011
Pan Haidong,2011
Pasquale Salzano,2011
Pete Cashmore,2011
Pierre-Alexandre TeuliÇ,2011
Priya Hiranandani-Vandrevala,2011
Ramakarthikeyan Srikrishna,2011
Rani Raad,2011
Raphael Schoentgen,2011
Rex Bernardo,2011
Ricardo Ter†n Ter†n,2011
Rieke Diah Pitaloka,2011
Rima Maktabi,2011
Ruslana Lyzhichko,2011
Rye Barcot,2011
Saleem Ali,2011
Salvador Biguria,2011
Sandeep Chatterjee,2011
Sanjay Chandra,2011
Sara Blakely,2011
Sasja Beslik,2011
Saul Griffith,2011
Scott Gilmore,2011
Sheila Lirio Marcelo,2011
Shinjiro Koizumi,2011
Sophal Ear,2011
Stefan Reichenbach,2011
Stephen Frost (consultant),2011
Sultan S. Al Qassemi,2011
Susan Mashibe,2011
Tamim Khallaf,2011
Tebogo Skwambane,2011
Teresa Bo,2011
Thapana Sirivadhanabhakdi,2011
Timothy Chen,2011
Tina Y. Lo,2011
Tom†s Recart,2011
Valerie Casey,2011
Vivek Kundra,2011
Vuyo D. Kahla,2011
Wang Yong,2011
Wen Zhou,2011
Wenceslao Casares,2011
Westley Moore,2011
William H. Sait,2011
Wolff Klabin,2011
Yan Yanovskiy,2011
Yana Peel,2011
Yara Arguet,2011
Yoshikazu Tanaka,2011
Zaid Daoud Al Siksek,2011
Zhang Hongxia,2011
Zhang Jianqun,2011
Zhou Xun,2011
Zibusiso Mkhwanazi,2011
Zoe Keating,2011
Adam Lowry,2012
Adarsh Kumar,2012
Adrian Cheng,2012
Agnes Osztolykan,2012
Aimee Mullins,2012
Akimitsu Sano,2012
Akudo Anyanwu-Ikemba,2012
Aldi Haryopratomo,2012
Alexis Bonte,2012
Alok Kshirsagar,2012
Alvaro Fern†ndez Ib†§ez,2012
Amadou Hott,2012
Amanda McCluskey,2012
Analisa Balares,2012
Ananda Siregar,2012
Andrea StÅrmer,2012
Angela Morelli,2012
Asanga Abeyagoonasekera,2012
Ashish J. Thakkar,2012
Ashwin Naik,2012
Ayman Ismail,2012
Benedict Carandang,2012
Binoy Job,2012
Binta Niambi Brown,2012
Biola Alabi,2012
Birgitta Ohlsson,2012
Brendan Cox,2012
Brian Herlihy,2012
Bright Simons,2012
Candy Chang,2012
Carlos Moncayo,2012
Carolina Freire,2012
Cesar Conde,2012
Chhavi Rajawat,2012
Christel Heydemann,2012
Christian Hans Wessels,2012
Cina Lawson,2012
Claire Boonstra,2012
Clare Akamanzi,2012
Dalia Mogahed,2012
Daniel Bahr,2012
Danny Cohen,2012
Dave Hanley,2012
David Boehmer,2012
David Fischer,2012
David Hertz,2012
David Wayne Callaway,2012
Denis B. Minev,2012
Denis Morozov,2012
Dhananjayan Sriskandarajah,2012
Diego de Sola,2012
Dina Shoman,2012
Diosdado Rey Banatao,2012
Dirk Nowitzki,2012
Drue Kataoka,2012
Eduardo Madina,2012
Eli Beer,2012
Emilio Lozoya,2012
Emmanuel Jal,2012
Eunice Nuekie Cofie,2012
Facundo Garreton,2012
Fasi Zaka,2012
Fathimath Dhiyana Saeed,2012
Fatima Bhutto,2012
Felipe Kast Sommerhoff,2012
Francis Ngai Wah Sing,2012
Franz Koch,2012
Fred Swaniker,2012
George Stroumboulopoulos,2012
Georgie Bernadete,2012
Gina Badenoch,2012
Gregory McKeown,2012
Henrique Capriles Radonski,2012
Hilal Ahmed Lashuel,2012
Huma Abedin,2012
Ian Pearman,2012
Ian Solomon,2012
Isis Nyong'o,2012
J. B. Straubel,2012
Jane Burston,2012
Jane Marie Chen,2012
Jasandra Nyker,2012
Jeff Zeleny,2012
Jem Bendell,2012
John Legend,2012
Jonathan Adiri,2012
Jonathan Levin,2012
Josh James,2012
Joshua Dubois,2012
Joshua G. James,2012
Junya Kondo,2012
Kaliya Hamlin,2012
Kate Ellis,2012
Kathleen Reen,2012
Ken Howery,2012
Kentaro Iemoto,2012
Kim Hana,2012
Kimathi Kuenyehia,2012
Kresse Wesling,2012
Kristin Groos Richmond,2012
Kunihiko Shimada,2012
Kwong Weng Yap,2012
Lama Hourani,2012
Lara Setrakian,2012
Laura Alonso,2012
Lena Janel Bansal,2012
Lin Kobayashi,2012
Lisa MacCallum,2012
Liu Jiachen,2012
Lo Sze Ping,2012
Lutfey Siddiqi,2012
Lynn Loo,2012
Maggie Berry,2012
Maickel Melamed,2012
Maria Nelly Rivas,2012
Martha Lane Fox,2012
Martin Bruncko,2012
Matteo Renzi,2012
Mbarka Bouaida,2012
Michal Krupinski,2012
Mitsuru Izumo,2012
Mohammed Dewji,2012
Nabila Ramdani,2012
Natalie Rickli,2012
Nauman Khan,2012
Neil Blumentha,2012
Niall Dunne,2012
Nick Yang Ning,2012
Nikolay Dobrovolskiy,2012
Ning Tian,2012
Nisreen Haj Mohammed,2012
Nisreen Shahin,2012
Nurul Izzah Anwar,2012
Ohood Al Roumi,2012
Olebile Makhupe,2012
Oya-Hazel Gumede,2012
Pardis Sabeti,2012
Pasha Bakhtiar,2012
Petia Dimitrova,2012
Pham Tuan,2012
Princess Mary Elizabeth of Denmark,2012
Privahini Bradoo,2012
Rachel Haot,2012
Rachel Sterne,2012
Rain Newton-Smith,2012
Rajamanohar Somasundaram,2012
Rajeeb Dey,2012
Rangina Hamidi,2012
Rebeca Hwang Eun Young,2012
Rebecca Saxe,2012
Reese Fernandez,2012
Renato D. Lopes,2012
Robyn Scott,2012
Roland Nash,2012
Salman Khan,2012
Sam Gregory,2012
Sami Khoreibi,2012
Samuel Elia,2012
Sandrine Joseph,2012
Sanjiv Rai,2012
Santiago Cosio Pando,2012
Satoru Yamamoto,2012
Scott Harrison,2012
Sendhil Mullainathan,2012
Shahzada Dawood,2012
Shokei Suda,2012
Shuo Wang,2012
Simon Kolawole,2012
Sisonke Msimang,2012
Slim Amamou,2012
Soulaima Gourani,2012
Steven Sim Chee Keong,2012
Subhashini Chandran,2012
Suheir Hammad,2012
Sultan Ahmed Jaber,2012
Suzanne Ehlers,2012
Tan Yinglan,2012
Tara Comonte,2012
Therese Fernandez-Ruiz,2012
Tian Ning,2012
Tian Wei,2012
Tim Levene,2012
Tim Wu,2012
Tom Hulme,2012
Toshihiro Nakamura,2012
Tuan Pham,2012
V. R. Ferose,2012
Valerie Keller,2012
Vandana Goyal,2012
Vanessa Vilela,2012
Vera Koalia,2012
Vera Kobalia,2012
Victor Ponta,2012
Victor Tong Joo Chuan,2012
Vimbayi Kajese,2012
Wael Ghonim,2012
Wang Shuo,2012
Yana Buhrer Tavanier,2012
Yap Kwong Weng,2012
Yuan Yuan Tan,2012
Aaron Maniam,2013
Ahmed Al Shugeiri,2013
Ai-jen Poo,2013
Aisha Al Khater,2013
Ajay Chaturvedi,2013
Alex Okosi,2013
Alex Wyatt,2013
Alexander Atzberger,2013
Alexis Ringwald,2013
Ali Adnan Ibrahim,2013
Ali Zuashkiani,2013
Almira Zejnilagic,2013
Amit Mehr,2013
Amy Jadesimi,2013
Ana Gabriela Pessoa,2013
Andrew Kuper,2013
Angela Sun,2013
Anna Marrs,2013
Arif P. Rachmat,2013
Arnaud Ventura,2013
Arunabha Ghosh,2013
Asif Saleh,2013
Athar Osama,2013
Aymeric Sallin,2013
Bayartsetseg Jigmiddash,2013
Ben Jealous,2013
Bruno S†nchez-Andrade Nu§o,2013
Bunty Bohra,2013
Carlos de Hart,2013
Catherine E. de Vries,2013
Celine Herweijer,2013
Chelsea Clinton,2013
Chen Qiqing,2013
Chris Hughes (Facebook),2013
Christian Mandl,2013
Christine Graeff,2013
Claire Hsu,2013
Clara Shih,2013
Codrut Pascu,2013
Cristiano CÉmara,2013
Daisuke Tsuda,2013
Dana Costache,2013
David Rhodes,2013
Deepak Madnani,2013
Dispanadda Diskul,2013
Dong-Kwan Kim,2013
Dorcas Muthoni,2013
Dries Buytaert,2013
Dumith Fernando,2013
Dune Thorne,2013
Elaine Smith,2013
Elinros Lindal,2013
Elizaveta Osetinskaya,2013
Eric Greitens,2013
Eun-Kyung Park,2013
Fabrizio Campelli,2013
Florence Verzelen,2013
Florian Henckel von Donnersmarck,2013
Gian Tu Trung,2013
Gilles MentrÇ,2013
Gordon Hughes,2013
H. H. Tunku Ali Redhauddin Tuanku Muhriz,2013
Hisham El-Khazindar,2013
Ida Auken,2013
Igor Luksic,2013
Jacques Beltran,2013
Jacques-Philippe Piverger,2013
James Mwangi,2013
Jamie Morin,2013
Jamil Anderlini,2013
Jane McAdam,2013
January Yusuf Makamba,2013
Jared Polis,2013
Jennifer Zhu Scott,2013
Jeremy Balkin,2013
Jeremy Howard,2013
Jesmane Boggenpoel,2013
John Echauz,2013
John Harthorne,2013
Joosung Lee,2013
Judith Lingeman,2013
Julie Bedard,2013
Justin Finnegan,2013
Katherine Richard,2013
Katie Jackson,2013
Keely Stevenson,2013
Kelly Zong,2013
Koh Lian-Pin,2013
Laetitia Puyfaucher,2013
Lars Jannick Johansen,2013
Le Thi Thu Thuy,2013
Leila Janah,2013
Lindiwe Mazibuko,2013
Lord Nat Wei,2013
Luis Arbulu,2013
Luisa Ribeiro,2013
Lynsey Addario,2013
Magnus Renfrew,2013
Marc Wabi,2013
Marcela Escobari,2013
Marieme Jamme,2013
Mark Pollock,2013
Mark Vlasic,2013
Martin Aspillaga,2013
Martina Viarengo,2013
Mary Nazzal-Batayneh,2013
Masami Komatsu,2013
Matthew Levin,2013
Matthew Parish,2013
Melisande Middleton,2013
Michel Martone,2013
Miranda A. Ballentine,2013
Monica Katebe Musonda,2013
Nick Talwar,2013
Nima Tshering,2013
Nina Nashif,2013
Ninie Wang Yan,2013
Nishan Degnarain,2013
Nitsara Karoonuthaisir,2013
Ola Orekunrin,2013
Panmela Castro,2013
Philipp Jan Flach,2013
Pierre Maudet,2013
Pooja Warier,2013
Pranav Mistry,2013
Qiu Huanguang,2013
Rachel Botsman,2013
Randi Zuckerberg,2013
RenÇe Maria Tremblay,2013
Richard Chen Li,2013
Rina Gee Kupferschmid-Rojas,2013
Roberto Herrera,2013
Rodrigo PÇrez-Alonso Gonz†lez,2013
Rodrigo Teles,2013
Ron Cao,2013
Ronald Mendoza,2013
Roopa Purushothaman,2013
Rosebell Kagumire,2013
Saran Kaba Jones,2013
Sharmeen Obaid Chinoy,2013
Shazi Visram,2013
Shirin Natour-Hafi,2013
Shivinder Mohan Singh,2013
Shoukei Matsumoto,2013
Silje Vallestad,2013
Silvia Console Battilana,2013
Simon Bridges,2013
Simon Levy Dabbah,2013
Solomon Assefa,2013
Soulaymane Kachani,2013
Srdja Popovic,2013
Tal Nazer,2013
Tamara Olsen,2013
Tara Fela-Durotoye,2013
Taro Otsuka,2013
Ted Wiley,2013
Thomas J. Bollyky,2013
Thomas Wilhelmsen,2013
Thura Ko,2013
Tony Abrahams,2013
Tony Hsieh,2013
Vaishali Rastogi,2013
Vannarith Chheang,2013
Vikas Pota,2013
Vuk Jeremic,2013
Wael Sawan,2013
Wan Tailei,2013
Wendy Dent,2013
Win Win Tint,2013
Winston Ma Wenya,2013
Yohei Shibasaki,2013
Zubaida Bai,2013
Ahmed Mater,2014
Ailish Campbell,2014
Alan Ricks,2014
Alek Wek,2014
Alexander Geiser,2014
Ali J. Siddiqui,2014
Alison Loat,2014
Amy J. C. Cuddy,2014
Andrea Pasinetti,2014
Angellah Jasmine Kairuki,2014
Anoop Ratnaker Rao,2014
Anthony Smare,2014
Anton du Plessis,2014
Antony Bugg-Levine,2014
Anurag Thakur,2014
Asma Siddiki,2014
Aswin Techajareonvikul,2014
Augusto Townsend Klinge,2014
Austin Ramirez,2014
Avani Davda,2014
Ayesha Vera-Yu,2014
Bai Yunfeng,2014
Banafsheh Geretzki,2014
Bayanjargal Byambasaikhan,2014
Belinda Parmar,2014
Bernice Dapaah,2014
Bettina Hein,2014
Brooke Ellison,2014
Candice Beaumont,2014
Cassandra Chiu,2014
Catherine Howarth,2014
Charlize Theron,2014
Chen Wei,2014
Chiki Sarkar,2014
Christian Hernandez Gallardo,2014
Christine Sfeir,2014
Clare Payne,2014
Claudia Belmont Gra§a,2014
Claudia Sender,2014
Claudia Sender Ramirez,2014
Courtney Leimkuhler,2014
Cristina Batlan,2014
Daniella Ballou-Aares,2014
Danladi Verheijen,2014
Daron Roberts,2014
Dave Duarte,2014
David Berry,2014
David Karp,2014
Dee Poon,2014
Deng Fei,2014
Devesh Raj,2014
Devry Boughner Vorwerk,2014
Dhanurjay Patil,2014
Dominique Anglade,2014
Dorjee Sun,2014
Earl Martin Sawit Valencia,2014
Eikei Suzuki,2014
Eyal Gura,2014
Fabrice Franzen,2014
Farhan Akhtar,2014
Fatima Zahra Mansouri,2014
Francesca Carlesi,2014
Francesca McDonagh,2014
Ganzorig Vanchig,2014
Gao Xiaohong,2014
Gassan Al Kibsi,2014
Giulio Boccaletti,2014
Gonzalo Begazo,2014
Gugu Nxiweni,2014
Hajo van Beijma,2014
Hanli Prinsloo,2014
Hanneli Rupert,2014
Hashim Shawa,2014
Hassan El Houry,2014
Hayley Warren,2014
Heather Zichal,2014
Ida Liu,2014
Iim Fahima Jachja,2014
Ilias Chantzos,2014
Irina Anghel-Enescu,2014
Ivan Vatchkov,2014
Iwao Aso,2014
Jacinda Ardern,2014
Jaime Herrera Beutler,2014
James Moore,2014
Jared Cohen,2014
Jennifer Nichols,2014
Jessica Long,2014
Jin Keyu,2014
Ji-Young Park,2014
Johannes Weber,2014
John B. Rogers,2014
Jonathan Rake,2014
Jose Enrique Concejo,2014
Josh Nesbit,2014
Juan Carlos Ruck,2014
Julia Andrea,2014
Julia Andrea Abad,2014
Julia Bacha,2014
Julia R. Greer,2014
Julien Steimer,2014
Julio Hector Estrada,2014
Julissa Reynoso,2014
Kanini Mutooni,2014
Karl-Johan Persson,2014
Kat Cole,2014
Katarzyna Pisarska,2014
Kathryn Dovey,2014
Kavita Patel,2014
Keisuke Goda,2014
Ken Endo,2014
Ken Tun,2014
Kentaro Ichiki,2014
Khalid Alkhudair,2014
Khin Zaw Latt,2014
Kieron Boyle,2014
Kitty Parry,2014
Lana Nusseibeh,2014
Laurie Zephyrin,2014
Leah Busque,2014
Lee Xiaodong,2014
Leila Hoteit,2014
Leila Velez,2014
Lena Ng,2014
Lerato Mbele,2014
Lila Preston,2014
Limor Fried,2014
Liu Qiangdong,2014
Luca H. Neghesti,2014
Lynn Jurich,2014
Ma Yansong,2014
Maria Doris Dumlao,2014
Maria Teresa Kumar,2014
Mariame McIntosh Robinson,2014
Marietje Schaake,2014
Marion Poetz,2014
Marlon Parker,2014
Maseena Ziegler,2014
Mei Ling Doery,2014
Michael Acton Smith,2014
Michael Macharia,2014
Michelle Zatlyn,2014
Mohammad Ali Shabani,2014
Mohit Joshi,2014
Mona Al Marri,2014
Monique PÇan,2014
Mosharraf Zaidi,2014
Nabeel Amudi,2014
Nandini Piramal,2014
Natalia Vodianova,2014
Nate Morris,2014
Nathalie Dauriac-Stoebe,2014
Nguyen Hoang Long,2014
Nicol†s Shea,2014
Nicol†s Shea Carey,2014
Niel Harper,2014
Nikolina Angelkova,2014
Nikolina Nikolova,2014
Nina Jensen,2014
Nkosana Mashiya,2014
Nneka Mobisson-Etuk,2014
Nolan Watson,2014
Noura Al Kaabi,2014
Olivia Leland,2014
Omezzine Khelifa,2014
Pallavi S. Aiyar,2014
Parmesh Shahani,2014
Patricia Cobian,2014
Patrick Allen,2014
Philipp Missfelder,2014
Pierre Kosciusko Morizet,2014
Rachael Chong,2014
Rachel Carrell,2014
Rajiv Pant,2014
Rania A. Al-Mashat,2014
Ratheesan Yoganathan,2014
Ray Tong Zhilei,2014
Rayid Ghani,2014
Razan Zaitouneh,2014
Rebecca Weintraub,2014
RenÇ Redzepi,2014
Ricky Wong,2014
Rishad Premji,2014
Rodrigo Teijeiro,2014
Rohan Silva,2014
Roksana Ciurysek-Gedir,2014
Roshni Nadar Malhotra,2014
Sabeen Mahmud,2014
Sabrina Chao,2014
Sachin Bansal,2014
Salomon Chertorivski Woldenberg,2014
Sandhya Venkatachalam,2014
Sandro Salsano,2014
Sara Menker,2014
Sara Sutton Fell,2014
Sarah-Jayne Blakemore,2014
Shahrzad Rafati,2014
Soichiro Minami,2014
Soichiro Swimmy Minami,2014
Sonia Medina,2014
Sony Kapoor,2014
Soraya Darabi,2014
Souad Mekhennet,2014
So-Young Kang,2014
Steven Fulop,2014
Tatiana Lacerda Prazeres,2014
Thomas Aeschi,2014
Tonni Agustiono Kurniawan,2014
Valerie Feldman,2014
Vania Mas°as M†laga,2014
Vincent W. Bagiire,2014
Vishwarupe Narain,2014
Vo Trong Nghia,2014
Wladimir Klitschko,2014
Yang Dongning,2014
Yvonne Li,2014
Zhivko Mukaetov,2014
Zin Mar Aung,2014
Abdelmalek Alaoui,2015
Abid Butt,2015
Adam Grant,2015
Aditya Ghosh,2015
Alberto Alemanno,2015
Alexander De Croo,2015
Alexander Torrenegra,2015
Alix Zwane,2015
Andrea Armani,2015
Andrea Cooper,2015
Andres Simon Gonzalez-Silen,2015
Andrew Bastawrous,2015
Asha De Vos,2015
Ashish Goyal,2015
Bengi Korkmaz,2015
Bodour Al Qasimi,2015
Brian Forde,2015
Brian Gallant,2015
Burcu Geris,2015
Carlota Mateos,2015
Caroline Berube,2015
Daan Roosegaarde,2015
Dana Leong,2015
Danae Bezantakou,2015
Donald Patrick Lim,2015
Edwin Macharia,2015
Fahad Aldhubai,2015
Funeka Montjane,2015
Guillaume Barazzone,2015
Gunhild A. Stordalen,2015
Helen Hai,2015
Henrik Lind,2015
Hua Fung Teh,2015
Hugh Whalan,2015
Ian Walsh,2015
Ilona Szab¢ de Carvalho,2015
Imani Duncan-Price,2015
James Chau,2015
Jean Liu,2015
Jeffrey Tau Hoong Lim,2015
Juliana Chan,2015
Julie Smolyansky,2015
Kakha Kaladze,2015
Katharina Beumelburg,2015
Khaled Al Sabawi,2015
Kirsten Parker,2015
Krithi Karanth,2015
Kuok Meng Wei,2015
Landry Signe,2015
Lauren Koopman,2015
Lina Ben Mhenni,2015
Luis Felipe Carrillo,2015
Maria Antonia Arroyo,2015
Marina Kolesnik,2015
Matthew Tilleard,2015
Max Li,2015
Max Neukirchen,2015
Melike Yetken,2015
Meng Liu,2015
Michelle Dipp,2015
Mokena Makeka,2015
Mustapha Mokass,2015
Nadia Saqqaf,2015
Naomi Koshi,2015
Nariman Sadri,2015
Nasser Bin Nasse,2015
Neha Kirpal,2015
Nicolas Hazard,2015
Pablo Jenkins,2015
Pablo Salazar Rojo,2015
Pan Jiang,2015
Park Yu-Hyun,2015
Patricia Dwyer,2015
Paula Marcela Moreno Zapata,2015
Philip Tinari,2015
Pingtjin Thum,2015
Rachel Schutt,2015
Rafat Akhali,2015
Reema Bint Bandar Al-Saud,2015
Ronaldo Lemos,2015
Rory Hunter,2015
Ruzwana Bashir,2015
Sadiq Gillani,2015
Safak Pavey,2015
Sheri Hickok,2015
Ska Keller,2015
Stela Mocan,2015
StÇphanie Lacour,2015
Steve Arora,2015
Stuart Cook,2015
Tinna Nielsen,2015
Tristram Stuart,2015
Tshering Lama,2015
Tulsi Gabbard,2015
Victoria Ransom,2015
Vivian Claire Liew,2015
Yang Lin,2015
Zachary Bogue,2015
Zoe Butt,2015
Zulfikar Ali Bader,2015
Abayomi Awobokun,2016
Ada Osakwe,2016
Alexander Betts,2016
Amal Clooney,2016
Amira Yahyaoui,2016
Aria Finger,2016
Ashton Kutcher,2016
Avid Larizadeh-Duggan,2016
Carol Li Rafferty,2016
Cheryl Perera,2016
Chih-Han Yu,2016
Christopher Ategeka,2016
Danae Ringelmann,2016
Daniel M. Shin,2016
Dhivya Suryadevara,2016
Divya Seshamani,2016
Eleni Antoniadou,2016
Emmanuel Macron,2016
Farida Bedwei,2016
Farkhunda Zahra Naderi,2016
Forsan Hussein,2016
Hadia Tajik,2016
Hannah Hopko,2016
Hassina Syed,2016
Hina Butt,2016
James Mworia,2016
James Song,2016
Joe Gebbia,2016
Julia Shakhnovskaya,2016
Juliana Rotich,2016
Julie Chappell,2016
Julie Yoo,2016
Kadija Idrissi Janati,2016
Kalin Anev Janse,2016
Kentaro Katayama,2016
Laura Storm,2016
Leslie Dewan,2016
Lila Tretikov,2016
Maelle Gavet,2016
Mary Vilakazi,2016
Melanie Joly,2016
Michael Lefenfeld,2016
Michelle Rempel,2016
Mohamed Faizal Mohamed Abdul Kadir,2016
Muntaqa Umar-Sadiq,2016
Nima Elbagir,2016
Nima Elmi,2016
Nina Tandon,2016
Nomin Chinbat,2016
Ohtani Kojun,2016
Pablo Arosemena,2016
Patrick Youssef,2016
Penny Abeywardena,2016
Peter Rutland,2016
Pham Thi Ngan,2016
Poppy Allonby,2016
Rebecca Yang Yuancao,2016
Roland G. Fryer,2016
Roy Hessel,2016
Sam Altman,2016
Samantha Freebairn,2016
Sarah Hanson-Young,2016
Seow-Chien Chew,2016
Seth Moulton,2016
Sheetal Amte-Karajg,2016
Sheng Fu,2016
Shivani Siroya,2016
Shu Wang,2016
Simon Smiles,2016
Sotaro Uemura,2016
Thaung Su Nyein,2016
Torsten Lichtenau,2016
Umer Cheema,2016
Verena Pausder,2016
Victor Ochen,2016
Wafa Sayadi,2016
William Marshall,2016
William Tanuwijaya,2016
Yeen Seen Ng,2016
Yinuo Li,2016
Zukie Siyotula,2016
Zunaid Ahmed Palak,2016
Aarti Takoordeen,2017
Abdourahmane CissÇ,2017
Adam Kinzinger,2017
Aja Brown,2017
Alejandro Brenes,2017
Ankur Jain,2017
Atsumi Hasegawa,2017
Bernise Ang,2017
Bill Liu Zihong,2017
Billy Mawasha,2017
Brad Henderson,2017
Brie Loskota,2017
Calvin Choi,2017
Chen Man,2017
Chido Govera,2017
Christine Hsu,2017
Claudia Olsson,2017
Dan Berelowitz,2017
Douglas C. K. Woo,2017
Edward Santow,2017
Emilia Macarie,2017
Eyad Alkassar,2017
Faisal Abbas,2017
Fan Ling,2017
Farzana Yaqoob,2017
Faten Kallel,2017
Feng Zhang,2017
Florian Hoffmann,2017
Ganzorig Ulziibayar,2017
Graves Tompkins,2017
Hindol Sengupta,2017
Insa Klasing,2017
Jamila Abass,2017
Jesse Moore,2017
Juan Pablo Larenas,2017
Katie Hill,2017
Lisa Walker,2017
Lois Auta,2017
Luhan Yang,2017
Lydie Hudson,2017
M. Yasmina McCarty,2017
Malak Jehad Al Akiely,2017
Maliha M. Quadir,2017
Maria Soledad Nu§ez Mendez,2017
Mike Moradi,2017
Mohamed Alami Berrada,2017
Molly Crockett,2017
Mona Hammami,2017
Mouhamed Moustapha Fall,2017
Nadeen Matthews,2017
Naisula Lesuuda,2017
Natznet Tesfay,2017
Navrina Singh,2017
Neema Kaseje,2017
Nili Gilbert,2017
Nina Rawal,2017
Nino Zambakhidze,2017
Omar Al-Madhi,2017
Osman Haneef,2017
Pavel Durov,2017
Ramzi Jaber,2017
Rana El Kaliouby,2017
Rapelang Rabana,2017
Rebeca Minguela,2017
Rebecca van Bergen,2017
Richard Socher,2017
Rio Ferdinand,2017
Roberto Ibarra,2017
Rodrigo Tavares,2017
Rwitwika Bhattacharya-Agarwal,2017
Sam Kass,2017
Samar Ali,2017
Sangeet Paul Choudary,2017
Sarah Parcak,2017
Sercan Celebi,2017
Shaharzad Akbar,2017
Sheila Redzepi,2017
Shira Kaplan,2017
Shruti Shibulal,2017
Sputniko! Ozaki,2017
Stav Shaffir,2017
Subha Nagarajan,2017
Terry Beech,2017
Vijay Shekhar Sharma,2017
Yeoh Pei Lou,2017
Yuefei Qin,2017
Zou Hao,2017
Akim Daouda,2018
Albert Rivera D°az,2018
Alejandro Malgor,2018
Alisha Moopen,2018
Alok Shetty,2018
Angela Baker,2018
Anushka Ratnayake,2018
Armstrong Pame,2018
Arvind Satyam,2018
Barbara Ann Bernard,2018
Bhairavi Jani,2018
Camilla Hagen S?rli,2018
Carol Yu Ying,2018
Catherine Raw,2018
Christian Kroll,2018
David Sin,2018
Edward Smith,2018
Elaine Kim,2018
Fatoumata Ba,2018
Fern Shaw,2018
Gaurav Mehta,2018
Gloria Fluxa Thienemann,2018
Gwenaelle Avice-Huet,2018
Hamdullah Mohib,2018
Hannah Yeoh,2018
Harry Wang Huai,2018
Heba Aly,2018
Ho Ren Hua,2018
Ipek Ilicak Kayaalp,2018
Iyinoluwa Aboyeji,2018
Jagmeet Singh,2018
John Riady,2018
Joseph P. Kennedy III,2018
Joy Dunn,2018
Juan Jose Pocaterra,2018
Kaila Murnain,2018
Kanika Tekriwal,2018
Kapil Mohabir,2018
Karabo Morule,2018
Kelly Buchanan,2018
Kent Ho,2018
Kerstin Forsberg,2018
Khaled IguÇ,2018
Leana Wen,2018
Leo Varadkar,2018
Li Jia,2018
Li Sixuan,2018
Lily Sarafan,2018
Liu Xiao,2018
Lucy McRae,2018
Marläne Schiappa,2018
Mathieu Flamini,2018
Maya Foa,2018
Michael Faye,2018
Miroslava Duma,2018
Nadeem Meghji,2018
Nami Chung,2018
Nico Rosberg,2018
Nighat Dad,2018
Oana Bizgan-Gayral,2018
Rayan Fayez,2018
Razan Al Mubarak,2018
Reem Fadda,2018
Reem Khouri,2018
Rhea Mazumdar Singha,2018
Riad Armanious,2018
Samuel Alemayehu,2018
Sanni Grahn-Laasonen,2018
Sarah Al Suhaimi,2018
Sebasti†n Kind,2018
SÇbastien Kadio-Morokro,2018
Shoko Takahashi,2018
Simon Sheikh,2018
Solveigh Hieronimus,2018
Susannah Rodgers,2018
Taejun Shin,2018
Tamer Makary,2018
Tom Szaky,2018
Unathi Kamlana,2018
Valeri Chekheria,2018
Wai Wai Nu,2018
Wang Wen,2018
Wenjuan Mi,2018
Xavier Duportet,2018
Zhang Lu,2018
Adebola,2019
Agnes Budzyn,2019
Ahd Kamel,2019
Ahmed Ali Al-Hammadi,2019
Ameer Sherif,2019
Aminata Kane Ndiaye,2019
Amy Gao,2019
Andrew Serazin,2019
Angela Daniella Garcia Moreno,2019
Anjali Sud,2019
Anjhula Mya Singh Bais,2019
Anne-Sophie Grouchka,2019
Annika Saarikko,2019
Asif Zahir,2019
Bogolo Joy Kenewendo,2019
Bryony Winn,2019
Cal Henderson,2019
Carlos Alvarado Quesada,2019
Carlos Reines,2019
Carol Reiley,2019
Clare O'Neil,2019
Cristina Pozzi,2019
Cyrus Habib,2019
Dan Crenshaw,2019
Daniel de Boer,2019
Daria Kaleniuk,2019
David Chubak,2019
David Moinina Sengeh,2019
Deshal De Mel,2019
Diane Binder,2019
Emily Kirsch,2019
Eric Dayton,2019
Erika Najarian,2019
Eva Scherer,2019
Faisal Khan,2019
Farhan Latif,2019
Fernando Grostein Andrade,2019
Gary Liu,2019
Genki Oda,2019
Geoffrey Bouquot,2019
Geoffrey See,2019
Gong Yingying,2019
Gregorio Werthein,2019
Guillaume Lefevre,2019
Halla Hrund Logadottir,2019
Huang Dinglong,2019
Ibrahim AlMojel,2019
Ivy Huq Russell,2019
Jean-Franáois GagnÇ,2019
Jean-Jacques BarbÇris,2019
Jessica Burgner-Kahrs,2019
Joice Toyota,2019
Jonathan Malagon,2019
Joseph Konzelmann,2019
Julie Bonamy,2019
Kamissa Camara,2019
Ketevan Bochorishvili,2019
Lisa Ivers,2019
Liu Qian,2019
Lokesh Nara,2019
Lucy d'Arville,2019
M. Bilge Demirkoz,2019
Mamuka Bakhtadze,2019
Matthew Guilford,2019
Maya Roy,2019
Melanie Perkins,2019
Nadia Maqbool,2019
Nathaniel Harding,2019
Nerissa Naidu,2019
Nick Ayers,2019
Nora Khaldi,2019
Noura Selim,2019
Pablo Alberto Barrera Lopez,2019
Pawe? Sur¢wka,2019
Peter Buttigieg,2019
Phanindra Sama,2019
Piyush Tewari,2019
Poonam Mahajan,2019
Priyanka Bakaya,2019
Richard Martinez,2019
Richard Walker,2019
Rima Assi,2019
Rohit Chopra,2019
Ruangroj Poonpol,2019
Ruba Borno,2019
Sam Lee,2019
Sarah bint Yousif Al-Amiri,2019
Sarah Nicholls,2019
Serene Chen Huijing,2019
Serey Chea,2019
Seung-Joon Chang,2019
Stefanie Kurniadi,2019
Sucharita Mukherjee,2019
Sue Anne Tay,2019
Syed Saddiq bin Syed Abdul Rahman,2019
Thomas Saueressig,2019
Tigran Khudaverdian,2019
Tolu Oni,2019
Umra Omar,2019
Victoria Alonsoperez,2019
Wanuri Kahiu,2019
Yalda Hakim,2019
Yasukane Matsumoto,2019
Yeo Bee Yin,2019
Yin Qi,2019
Yuan Jiakai,2019
Zhang Longmei,2019
Akiko Naka,2020
Akshay Naheta,2020
Alicia Garza,2020
Anahita Thoms,2020
Annalena Baerbock,2020
Aslihan Denizkurdu,2020
Atika Rehman,2020
Aurelie Adam-Soule Zoumarou,2020
Barbara Maul Mulvee,2020
Bernardo Asuaje,2020
Bhavin Shah,2020
Brandon Stanton,2020
Byju Raveendran,2020
Carlalberto Guglielminotti,2020
Caroline Malcolm,2020
Cherrie Atilano,2020
Chew Shou Zi,2020
Chinny Ogunro,2020
Christian Zeinler,2020
David Ikkersheim,2020
Delfina Irazusta,2020
Eduardo Figueiredo Cavalheiro Leite,2020
Elisa Vegas,2020
Elisha London,2020
Emi Nakamura,2020
Fabio Ziemssen,2020
Fainy Sukenik,2020
Faisal Alibrahim,2020
Fang Qu,2020
Faraja Nyalandu,2020
Fredros Okumu,2020
Fumiaki Kobayashi,2020
Gabriel Attal,2020
Gabriel Marcolongo,2020
Gaurav Gupta,2020
Golriz Ghahraman,2020
Grace Natalie Louisa,2020
Gregg Treinish,2020
Griffin R. Myers,2020
Henry Motte-Mu§oz,2020
Hyungu Dave Cho,2020
Ines Arrimadas,2020
Jack Conte,2020
James Rogers,2020
Jason Camm,2020
Jeffrey Lu,2020
Jes£s Cepeda,2020
Jin He,2020
Joelle Faulkner,2020
Johana Bahamon,2020
Jukay Hsu,2020
Kabir Sehgal,2020
Karen Karniol-Tambour,2020
Karina Gould,2020
Kate Brandt,2020
Kate Gallego,2020
Katsuya Uenoyama,2020
Kojo Oppong Nkrumah,2020
Komal Dadlani,2020
Krasna Cham,2020
Kristo Kaarmann,2020
Kush Saxena,2020
Lamya AlHaj,2020
Larry Madowo,2020
Lauren Underwood,2020
Leland Maschmeyer,2020
Ludovic Subran,2020
Manuella Kaster,2020
Marga Gual Soler,2020
Maryam Monsef,2020
Matthew Caruana Galizia,2020
Mayur Patel,2020
Megan Rapinoe,2020
Mei Mei Hu,2020
Mette Lykke,2020
Michael Kratsios,2020
Muhammad Hammad Azhar,2020
Nancie Zhu,2020
Nicole Vogrin,2020
Niki Kerameus,2020
Niklas Adalberth,2020
Noor Sweid,2020
Otto Sonnenholzner,2020
Pamela Chan,2020
Paula Ingabire,2020
Pradip Pariyar,2020
Qiaomei Fu,2020
Rafael Paz,2020
Raya Yusuf-Sbitany,2020
Rebecca M. Heller,2020
Sally Shin,2020
Sanna Marin,2020
Sarah Chen,2020
Shani Senbetta,2020
Shauna Aminath,2020
Stacey Tank,2020
Stephanie Lo,2020
Susana Sierra,2020
Swapan Mehra,2020
Tara Singh Vachani,2020
Thani Ahmed Al Zeyoudi,2020
Tianshi Chen,2020
Tunde Kehinde,2020
Ugyen Dorji,2020
Veronica Ruiz del Vizo,2020
Veronika Linardi,2020
Vinati Mutreja,2020
Viridiana Rios,2020
Vivek Salgaocar,2020
Wan Nadiah Wan Mohd Abdullah Yaakob,2020
Weiwei Xing,2020
Yasui Yoshiki,2020
Yetnebersh Nigussie,2020
Ying Jiang,2020
Zhu Xiaoxuan,2020
Abasi Ene-Obong,2021
Aditi Avasthi,2021
Adriana Cargill,2021
Adriana Ortiz,2021
Alanoud Bint Hamad Al Thani,2021
Alberto de Belaunde,2021
Alexander de Carvalho,2021
Alexis Crow,2021
AmÇlie de Montchalin,2021
Ameya Prabhu,2021
Amit Paley,2021
Andrew Bragg,2021
Andrey A. Guryev,2021
Anne-Laure de Chammard,2021
Anneliese Schulz,2021
Anulika Ajufo,2021
Arvan Chan,2021
Brian Kaufmann,2021
Burcu Ozturk,2021
Catherine Lenson,2021
Chen Wu,2021
Christoph Bornschein,2021
Claudia Vergueiro Massei,2021
Conrod Kelly,2021
Cristina Fonseca,2021
Dalal Saeb Iriqat,2021
Dana Juffa,2021
Daniel Ahn,2021
David Alexander Walcott,2021
Devi Sridhar,2021
El Seed Faouzi,2021
Elham Al Qasim,2021
Emily Serazin,2021
Erica Alessandri,2021
Esraa Al-Buti,2021
Fawaz Farooqui,2021
Francesca Chia,2021
Gadeer Kamal-Mreeh,2021
Gareth Wong,2021
Garlin Gilchrist II,2021
Gazal Kalra,2021
Gregoire Pictet,2021
Haley Lowry,2021
He Zhengyu,2021
Hitesh Wadhwa,2021
Hriday Ravindranath,2021
Ibram X Kendi,2021
Izkia Siches,2021
Jessica Jackson,2021
Jessica Mauboy,2021
Jocelyn Formsma,2021
Kira Radinsky,2021
Kishin RK,2021
Laura Gersch,2021
Laure Forgeron,2021
Lea Wermelin,2021
Li Ni,2021
Liam Sobey,2021
Lu Chaoyang,2021
Luis Felipe Cervantes Legorreta,2021
Luiza Mattos,2021
Lukas Nelson,2021
Maleeka Bokhari,2021
Mart°n Guzm†n,2021
Matthew Chamberlain,2021
Megan Greenfield,2021
Mohamed Al Hashemi,2021
Mohammad Salem Omaid,2021
Nari Kahle,2021
Nathalia Arcuri,2021
Nirvana Chaudhary,2021
Obi Ozor,2021
Paul Rivera,2021
Peter Biar Ajak,2021
Pierre-Dimitri Gore-Coty,2021
Ricardo Weder,2021
Roberto Pati§o,2021
Rohan Ramakrishnan,2021
Rose Damen,2021
Sanae Lahlou,2021
Sangu Delle,2021
Seung Gun Lee,2021
Shiho Azuma,2021
Shreevar Kheruka,2021
Silvia Wiesner,2021
SinÇad Burke,2021
Sophie Seula Kim,2021
Srikanth Bolla,2021
Suren Aloyan,2021
Tanit Chearavanont,2021
Tendayi Achiume,2021
Terrence Kommal,2021
Thomas Crowther,2021
Vasudha Vats,2021
Vera Daves de Sousa,2021
Virginijus Sinkevicius,2021
Wang Guan,2021
Wawira Njiru,2021
Xue Peng,2021
Yifan Li,2021
Zhuang Qian,2021
Abdulrahman Essa Al-Mannai,2022
Alaa Murabit,2022
Amal Enan,2022
Anderson Tanoto,2022
Anne-Laure Malauzat,2022
Badruun Gardi,2022
B†rbara Luiza Coutinho do Nascimento,2022
Bicheng Han,2022
Boju Zhang,2022
Bolor-Erdene Battsenge,2022
Carlo Perez-Arizti,2022
Caroline Blanch Israel,2022
Christer Kjos,2022
Christy Lei Sun,2022
Claire Cormier Thielke,2022
Clarissa Delgado,2022
Colin Allred,2022
Danae Kyriakopoulou,2022
Daniel Feldman,2022
Daniel Zhang Xianming,2022
Dominic Wadongo,2022
Enass Abo-Hamed,2022
Esha Mansingh,2022
Esra Eczac?ba?? Co?kun,2022
Eugene Chung,2022
Eva Maydell,2022
Eva Otieno,2022
Fares Bugshan,2022
Franáoise Moudouth,2022
Freddy Castro,2022
Frederic Hoffmann,2022
Freshta Karim,2022
Hamad AlMahmeed,2022
Ilwad Elman,2022
Inna Modja,2022
Ioana Patriniche,2022
Irina Lachowski,2022
Jaideep Bansal,2022
James Kwame Mensah,2022
James Mnyupe,2022
Jennifer Auerbach-Rodriguez,2022
Jessica Beckerman,2022
Jinxing Zheng,2022
John R. Tyson,2022
Joud Abdel Majeid,2022
Joy Buolamwini,2022
Juan Carlos Rinc¢n,2022
Kaitlyn Sadtler,2022
Kiah Williams,2022
Kim Hallwood,2022
Lesley Ndlovu,2022
Luana GÇnot,2022
Luhui Yan,2022
Manasi Joshi,2022
Margot Edelman,2022
Maria Eugenia del Castillo Cabrera,2022
Mariana Vasconcelos,2022
Mark Boris Andrijani,2022
Mark Stoffels,2022
Matt Dalio,2022
Matthew Katz,2022
Mayank Singhal,2022
Mia Perdomo,2022
Miku Hirano,2022
Mmaki Jantjies,2022
Mohammed Alghanim,2022
Mykhailo Fedorov,2022
Naif Shesha,2022
Nasreen Ali Mohamed,2022
Natalie Black,2022
Noor Boodai,2022
Ola Doudin,2022
Omar bin Sultan Al Olama,2022
Orenzo (Perry) Hollowell,2022
Peng Shen,2022
Philip Meissner,2022
Radhika Gupta,2022
Raghav Chadha,2022
Ritesh Malik,2022
Saad Hayat Tamman,2022
Safiya Al-Jabry,2022
Sahar Albazar,2022
Sara Saeed Khurram,2022
Sarah Rawson,2022
Sean Fraser,2022
Sharam Gulzad,2022
Siwan (Swan) Lu,2022
Sophia Hamblin Wang,2022
Soraya Djermoun,2022
Steve Suryadinata,2022
Suhail Sameer,2022
Sumayya Vally,2022
Sun Xuemei,2022
Tom Mustill,2022
Usman Ahmed,2022
Venetia Bell,2022
Vilas Dhar,2022
Vineeta Singh,2022
Wai-Lung (Billy) Ng,2022
Wissam Joubran,2022
Yanqing (Kenny) Cai,2022
Yashovardhan Lohia,2022
Yeoh Keong Hann,2022
Yichen Shen,2022
Yoichi Ochiai,2022
Yousef Yousef,2022
Yuito Yamada,2022
Zou Shasha,2022
Zoya Lytvyn,2022
Zuriel Naiker,2022
